Name,Age,Mobile,Email,Bookings
test1,21,1234567890,test1@gmail.com,12345.123541.987653
test4,22,test4@gmail.com,123456789,12345.5678.89765
test2,23,1234567890,test2@gmail.com,12345.123541.987653
test3,19,123456789,test3@gmail.com,12345.123541.987653
