Name,Age,Mobile,Email,Bookings
test1,21,1234567890,test1@gmail.com,12345.123541.987653
test5,13,12312312,test5@hotmail.com,1
test4,22,123456789,test4@gmail.com,12345.5678.89765.15129
test2,23,1234567890,test2@gmail.com,12345.123541.987653
test3,19,123456789,test3@gmail.com,12345.123541.987653